guessx,guessy,guessz,diff1,diff2,diff3,step
0.0007922641933092494528534298913845,0.058154195801274763246319941577361,0.001,-3.5587896111190838603331283429249e-24,-5.5230478473516204370774208217189e-05,-0.18071719918658367929324289364098,1.0
